customer_ID,customerFirstName,customerLastName,ZIP,city,employee_ID,employeeFirstName,employeeLastName,salesoffice_ID,address,phonenumber
70706-0217,Stephanie,Hanson,94698,South Tracey,84060-5437,Jason,Medina,88304-3746,"3051 James Light
Ashleyfort, DC 61182",425-156-2492x3899
59870-9973,Angela,Dean,06554,Port Kelly,76272-3112,Patricia,Phillips,51799-4445,"3039 Goodman Shoals Apt. 458
West Samanthaview, NJ 01933",859.866.7772x4900
91047-2520,Austin,Schwartz,51297,Williamburgh,87184-3053,Taylor,Hendricks,89076-8121,"PSC 7025, Box 3857
APO AE 10904",001-871-211-9606
14309-0846,Benjamin,Anderson,34299,Port Katherine,59978-0391,Jacqueline,Thomas,35397-7953,"1092 Doyle Mountain
Jonathanberg, KY 45587",+1-996-593-6716
96652-9507,Kimberly,Davis,91609,West Kayleemouth,79992-0549,Kyle,Curtis,87931-8989,"08682 Ashley Rest Suite 735
Lake Mary, IL 98303",516.599.3338
06246-9815,Brenda,Rose,36346,Port Randall,59394-6878,Sarah,Frazier,93918-8560,"177 Walker Rapids
North Jamesmouth, SC 10604",245.165.3046
50235-5708,Raymond,Flores,27441,Leefort,37385-4051,Nicole,Roberts,60370-3148,"3412 Jeffrey Port
Matthewtown, MN 00694",(946)635-3358
01394-6585,Cheryl,Kelley,55376,Brownfort,83397-0891,Nicole,Hanson,06186-3768,"712 Andrew Bridge
Port Justinside, NV 50104",626-253-6068x986
86451-2442,Amy,Burns,44259,Kathrynhaven,96050-4983,Victoria,Rose,69214-7773,"88872 Wright Freeway Suite 964
Savannahmouth, MT 62236",+1-633-868-4194x7124
36491-6498,Sheryl,Patterson,09080,Martinfurt,70734-0141,Matthew,Hill,97324-2407,"44392 Chelsey Drives Suite 806
Haynesland, AL 91797",305.797.0931x308
06523-0234,Ashley,Long,75999,East Caitlyn,66471-5588,Pamela,Miles,15347-4988,"5137 Ponce Loop Suite 896
South Paulabury, NJ 84768",587-623-9207
72583-6008,Juan,Hall,54692,Raytown,01414-5525,Jenny,Krueger,74889-0069,"77061 Christopher Center Suite 465
West Evan, AZ 92960",501-507-7688
33305-6085,Erin,Hansen,27661,Lake Melinda,73453-8035,Jeffrey,Martin,93525-9458,"40243 David Greens Apt. 614
North Kyle, UT 34798",6864073474
56108-6212,Charles,Hall,24885,Kathleenshire,82224-3897,Barry,Pennington,10606-5078,"6189 Kaufman Glen
East Wandabury, PA 36850",001-861-213-4123x258
28334-5441,Jenny,Bradford,19060,South Michaeltown,16726-7463,Amy,Carlson,79353-6043,"04930 Gilbert Terrace
Jacksonview, MD 88047",110.202.2226
32380-6453,Daniel,Martinez,40141,West Georgeborough,06068-4456,Alexander,Johnson,20685-4832,"92292 Walker Motorway
East Laurenfurt, SC 28674",001-546-768-1378x29934
17127-4434,Alexis,Rivera,02424,Kimberlyfurt,52900-0278,Michael,Nguyen,89757-8016,"805 Jerry Ford
West Tamara, HI 03887",001-662-808-6118x6436
44591-9439,Brandy,Rodriguez,46218,Mejiaton,51596-4232,Robert,Lee,50130-9102,"USCGC Robinson
FPO AP 80854",547-763-1562
44162-0838,Charles,Williams,69480,Port Sean,05736-4103,Sarah,Richardson,77719-9839,"30114 Lucas Mission
Melissaberg, HI 51011",+1-102-131-3763x13044
03443-7144,Kyle,Blackwell,95116,East Jennifer,83783-4856,Beth,Schwartz,16375-4680,"01951 Bailey Route
East Brandonmouth, AK 44470",(032)916-9111x114
55803-5509,Kelly,Bartlett,68589,Toddland,81195-0123,Lisa,Turner,78404-9467,"4404 Fritz Haven
East Jefferyland, OK 76928",781-435-0917x37414
61613-8990,Rebecca,Brady,97705,New Theodore,10872-7893,Ann,Harris,88648-5926,"638 Lee Course Suite 101
Raymouth, AR 55443",(913)968-2143
42277-1312,Wendy,Richards,60671,Joneschester,66889-6185,Kenneth,Johnson,99750-5789,"817 Brewer Mills Suite 974
Jonathanfurt, SD 82434",(437)712-9599x11405
26583-1966,Kevin,Garcia,12034,Eduardochester,61045-9977,Martin,Carter,79768-0905,"10917 Carpenter Freeway
Fergusonbury, RI 75924",001-873-317-7272x641
48030-6694,Robert,Martin,75518,East Laurastad,51810-5566,Jennifer,Deleon,09830-0449,"986 Mariah Shoals Suite 582
Lake Lydialand, NH 96072",+1-055-223-5611x037
56797-8873,Patricia,Scott,69213,North Danielview,20140-7083,Jennifer,Petersen,22893-0933,"USNS Singh
FPO AE 75916",(645)357-4363
96281-9266,John,Donovan,60676,Perezport,51419-7146,Kelly,Cervantes,53837-6864,"3566 Parks Village Apt. 426
Lake Samanthachester, NE 32525",174-781-1453x21456
96189-6543,Janet,Huff,74298,Port Arthur,08682-9844,Melinda,Lang,09323-6921,"054 Schwartz Trail Suite 248
Marshfurt, TN 59517",414.686.9274
91525-6096,Aaron,Rodgers,75747,Lake Richardmouth,35765-2015,Maria,Adams,63302-3640,"21521 Harmon Forks
Brandyville, DC 13150",881-841-0492x19997
36563-2461,Tiffany,Jackson,44104,Matthewsfort,60427-9033,Matthew,Velasquez,10681-1378,"508 Jonathan Mews Apt. 177
Smithview, FL 76888",+1-824-849-8170x844
62950-7973,Rachel,Novak,02898,Shepardville,72332-5536,William,Warren,44243-4584,"08614 Marshall Forest Apt. 001
Port Eric, AR 25454",+1-191-657-6781
67047-8900,April,Richardson,83894,Palmermouth,00682-1907,Lori,Roberts,22065-9454,"0978 Clark Ridges
Amyfurt, MD 72412",001-281-603-9438
25264-1215,Dustin,Johnston,50949,New Josephhaven,47460-1185,Carlos,Baker,28363-1353,"8453 Thompson Estate
Port Jeremiahton, MA 83203",(047)912-1047
34790-2525,Luke,Maldonado,28475,West Tracy,21073-5325,Natalie,Madden,74809-5611,"70858 Sanchez Burgs
West Timothyland, ID 27795",(076)892-6643x62525
66082-8454,Jessica,Williams,02645,Markberg,60637-2022,Sharon,Lutz,35305-8141,"060 Bean Bridge
Rachelshire, MI 76265",026-810-3217
76141-2016,John,Gordon,73157,Port Amymouth,82856-3016,Shawn,Page,87252-7485,"88464 Emily Orchard
West Sherryfurt, AR 65730",001-586-022-4304x240
21908-1786,Andrea,Morales,68386,Jessicafort,96938-7051,Logan,Smith,72671-3452,"66055 Holmes Gardens
New Christopher, CO 69930",278-733-8519
59908-8937,Ashley,Bryant,78766,North Staceyfurt,39001-2568,Austin,Page,38498-8783,"499 Charles Trace
Longberg, MN 72695",761.153.0109
87889-1007,Paul,Jones,02878,East Patrick,62062-5485,Jeffrey,Martinez,91848-7571,"7690 Emily Brooks Apt. 232
Lake Cassidy, FL 77046",702-032-8203
04008-2770,Jill,Smith,31671,Lake Lauriefurt,22021-2623,Donna,Hancock,39700-3282,"21894 Kim Greens
Brittneyberg, ND 24915",+1-756-433-0982
16992-7387,Amanda,Leonard,18563,Phillipsfort,06331-9873,Ronnie,Johnson,17879-9587,"2427 Paul Neck
East Austin, KY 09677",(716)933-3076
38445-9170,Christina,Oconnor,51373,Jenniferfurt,28986-0527,Eric,Terry,21630-9731,"49634 Boyle Mountain
Cummingsfurt, IN 91724",621.330.9012
14870-9927,Jasmine,Morris,55220,Geraldton,79053-2642,Paige,Frazier,69075-0502,"381 Vincent Divide Suite 105
Brianfort, AR 26614",001-993-902-9486x713
86892-6844,Carlos,Miller,38324,Jessestad,83317-7158,Lauren,Watkins,65175-4277,"4113 Jason Path
Lesterbury, OK 64794",001-755-527-8035x00838
42003-3397,Brenda,Osborne,63292,Ramirezville,55823-0579,Jeanette,Jones,56006-0752,"1739 Ryan Points Suite 947
Port Alanville, DE 16225",(077)421-0425x38528
49445-8116,Kelly,Armstrong,11801,Port Emily,07725-5267,Jacob,Davis,10288-0663,"PSC 9176, Box 7564
APO AA 34738",+1-967-964-2664x53409
47784-1711,Sharon,Gonzalez,90407,North George,54714-6413,Ariana,White,82378-1612,"632 Jennifer Isle
South Andrewview, MD 44675",0700636958
72982-1030,Dwayne,Carroll,13964,Karafort,71420-6451,Nathaniel,Tyler,31756-3892,"05827 Michelle Motorway
New Paul, CO 16194",+1-349-161-2924x5894
07260-8392,Tracey,Hartman,16454,Darrellshire,63718-1192,Reginald,Clark,41804-9730,"USNS Fox
FPO AP 60436",+1-214-233-4942x65150
08556-3539,Sergio,Warren,27644,Chavezberg,09933-1142,Sheri,Calderon,45488-0191,"89281 Thomas Unions Apt. 328
West Rachel, DE 63404",017.288.8090
97854-7306,Michael,Elliott,64696,Katieview,00551-6320,Jessica,Mitchell,82138-4807,"799 James Pass Suite 261
Laurenmouth, IN 80645",689.913.5456x896
24967-8250,Ashley,Love,57968,Dyerside,69509-2456,Karen,Russo,31532-4219,"3017 Little Square Apt. 536
South Michael, IL 91139",497.214.7058x2349
93755-2816,Eric,Copeland,54382,West Kara,77708-5742,Lauren,Willis,04758-0824,"87632 Michael Drives
New Mitchellfurt, KS 13347",659-218-4774
89486-7120,Ashley,Dillon,06800,Kimchester,82419-3373,Joel,Chan,14219-4367,"106 Lauren Spring
Cervanteschester, OK 44307",267.951.8212
65506-3353,Blake,Cooper,03670,West Jesus,18363-3597,Andrew,Reynolds,58647-1309,"830 Reed Underpass Suite 269
Jacksonburgh, VA 51053",+1-075-096-2929x613
48081-1646,Brian,Baker,27257,New Joshualand,87203-3770,Joseph,Collins,20206-5260,"176 Reid Station Apt. 633
Reynoldsberg, MI 33024",598-329-7353
87715-3998,Barbara,Gomez,79566,Sandersmouth,39817-7160,Stephanie,Allen,00567-5513,"49950 Karen Keys
Hallburgh, CA 95923",001-757-601-5802x31945
67723-9985,Charlotte,Cole,90346,West Heather,61757-9678,Diane,Jackson,91878-0258,"85549 Garner Manors
Nancyhaven, CT 12179",001-391-450-3807x2453
95680-9347,Matthew,Williams,93378,Reyesburgh,83399-6965,Betty,Montoya,87034-7943,"08933 White Flat Suite 254
North Sandra, ID 47618",3106944046
33645-2023,David,Patterson,61347,New Baileyfurt,36123-1188,Thomas,Green,00714-2952,"6325 Kenneth Field
South Kimberlyfort, WA 24898",(624)407-2797x0765
33763-4973,Julia,Gardner,50658,Jordanton,09843-5249,Kevin,Hunter,24355-3412,"63447 Warren Route Suite 299
Walkerchester, HI 47200",001-582-230-7765x8699
14898-2444,Brandon,Cook,82714,Port Robertberg,04702-9332,Phillip,Holden,08291-0270,"244 Lee Spring
North Heather, NH 90921",001-138-065-3880
55785-6897,Kenneth,Reid,06305,Lake Dawnport,77575-9064,Angela,Morton,72309-1773,"8099 Steven Street Suite 345
Angelamouth, NJ 22854",(814)982-4154
65413-5313,Jennifer,Cannon,64992,East Robert,04888-3481,Isaac,Curtis,19447-3203,"79959 Stephen Groves Apt. 552
East Sarahburgh, IA 14063",+1-951-214-1863x8635
37159-3382,Jim,Larson,14311,Carterfurt,02963-9645,Cassandra,Wilson,85745-1149,"110 Horne Flats
Rachelton, MI 26022",001-275-876-1179x26521
92604-9217,Richard,Bryant,36855,North Thomas,29949-2232,Timothy,Tran,76241-9065,"25486 Carl Drive Suite 480
Lake Robertmouth, WI 32096",448.796.0164
64417-5824,Ann,Richardson,64658,Johnsonmouth,24383-7277,Thomas,Morales,70279-7831,"PSC 4497, Box 3277
APO AP 56378",(744)542-6042
53652-9577,Joseph,Jones,90488,Port Davidshire,49439-9281,Jeff,Miller,72850-1153,"1867 Adams Station
East Stephanie, NC 05913",466.738.7463
55710-8563,Kristina,Ball,29394,Taylorside,16081-3021,Michelle,Sexton,46258-1557,"064 Gonzalez Harbors Suite 256
Mullinsville, MS 75663",366-785-2225x31091
04230-6093,Kelly,Sawyer,68667,Palmermouth,92741-1823,Christina,Shaw,63796-8373,"678 Nicole Extensions Suite 188
Melendezchester, WV 92759",001-960-818-2652x1993
44535-2040,Amanda,Young,53654,Olsonmouth,05995-7022,Allison,Williams,13005-9053,"536 Schultz Springs Apt. 756
Fergusonberg, WV 25763",1819693908
10765-5227,Gabriel,Harris,74322,South Tamara,09626-7415,Amanda,Ashley,48367-6795,"77789 James Rapid
North Valerieborough, SD 12385",291.741.7962
15317-8744,Mary,Turner,60202,West Allisonchester,33619-6227,Lisa,Mays,16576-4965,"77844 Elizabeth Isle
East Jefferyfort, IA 30844",(216)893-4756x86677
62930-1874,Aaron,English,42018,Camachoshire,60076-0215,Rebecca,Stevens,25982-0648,"4652 Miller Squares
Port Julia, CT 49315",359-032-5777
26006-4400,Kyle,Turner,14052,Norrismouth,23888-5189,Dean,Rodriguez,18114-8201,"163 Patty Parks
Port Martinfort, TN 16196",073-752-9059
30054-5427,Jamie,Thompson,10201,South Terry,49317-3701,Lisa,Williams,56092-0748,"476 Mcdowell Roads Apt. 417
Royberg, OH 02202",001-109-791-2121
98270-9260,Jared,Garza,40237,Montgomeryton,69823-1367,Jeremy,Knight,98260-9585,"885 Micheal Court Suite 960
East Stephen, NV 17132",372-407-9777x0274
87893-3439,Timothy,Singleton,97699,Tiffanyborough,31240-3360,Sherri,Wolf,56927-1042,"038 Stacey Mall
Connieberg, RI 02813",(147)217-6575x215
31097-7552,Tracy,Wells,85429,South Beverlyport,64177-1577,Denise,Hunt,09201-1845,"93222 Bryant Stream Suite 379
North Brettview, ME 26775",(640)617-0452x086
06198-6697,Ashley,Carter,11383,North Amanda,55702-5247,Alexander,Duran,60057-6463,"265 Robert Radial
Sarahshire, AZ 04138",867.908.7796
25164-0023,Abigail,Mccall,03097,Gonzalezside,07307-5318,Nicholas,Kelly,67412-4428,"57556 Rodriguez Ford Apt. 255
Port Dylan, NC 09263",587-299-7202x8591
81185-4212,Morgan,Griffin,39959,South John,58915-4000,Jason,Davis,74888-2473,"68945 Rodriguez Meadows Apt. 592
Christopherberg, WY 27533",+1-879-870-4639x4168
84043-6596,Scott,Howell,63415,Romerochester,10739-4220,Linda,Rodgers,97742-9258,"79610 Mark Mews
South Victoriaport, SC 45716",001-885-138-8395x877
51297-3856,Gregory,Romero,08820,Lake Tiffany,58162-8195,Teresa,Pearson,76890-9484,"2087 Melissa Square Suite 277
Timothyton, AK 34267",949.638.3454x6843
27059-5858,Dustin,Ware,42649,West Andrea,80812-2211,James,Reyes,12866-0909,"849 James Ports
Lake Hayden, AR 27993",385-022-9707
10572-6645,James,Sims,28887,North Katherinemouth,08676-4705,Carlos,York,29155-3348,"236 Christina Dam Suite 377
West Shawnfurt, VT 74533",723.838.2278
11232-5187,James,Scott,75401,Rogersmouth,74019-5940,Danielle,Reynolds,57253-5786,"11735 Jennifer Rest Apt. 944
Kristenshire, NM 37376",(888)150-7783x02096
24352-3878,John,Rose,65256,Fosterfort,04910-3033,Mariah,Bennett,24384-3373,"26878 Caldwell Spurs Suite 601
South Marcia, NV 68530",823.335.0761x97380
78444-9833,Patricia,Madden,01299,New Cynthiaport,93256-8505,Linda,Washington,42180-3750,"751 Stewart Crescent
Brownhaven, ID 59770",056.597.8520x84644
85418-3718,Adam,Wu,22240,Deleonborough,54075-9983,Jennifer,Perkins,36228-4564,"50004 Jonathan Falls
East Christine, CA 17837",+1-737-952-7191
33710-8095,Tyler,Hodges,06203,East Karenfurt,81401-6638,Patrick,Jackson,08617-6521,"88864 Oscar Hills Suite 886
Colonfurt, IA 04138",+1-245-739-9221x7750
50566-6770,Laurie,Gilbert,01758,Pearsontown,18272-7529,Traci,Miller,40216-0394,"PSC 5944, Box 1219
APO AA 65584",+1-136-466-7947
45825-2290,Heidi,Hernandez,97346,North Madison,27536-0554,Christian,Rodriguez,15668-4987,"2328 Melissa Inlet Suite 309
Jerrybury, KY 96475",603.147.6414
47982-0241,Kathy,Donovan,05644,Ronaldland,28843-3074,Madeline,Moore,72897-8184,"Unit 6124 Box 9644
DPO AE 99284",(649)532-1052x606
88341-1162,Susan,Jackson,12053,Toddstad,94116-7432,Danielle,Watson,73356-7943,"81597 Brandon Wells Suite 623
South Preston, IL 98709",001-801-307-4343x9136
02335-7100,Danielle,Williams,32177,Lake Chadshire,81577-9066,Michelle,Cole,58731-4637,"85452 Gregory Center
Kayleeburgh, NE 31043",234-974-2849x044
98836-1678,Renee,Clark,41684,North Carlosport,71725-0463,Alicia,Stanley,19580-7895,"922 Alan Row Suite 014
Burkeland, SD 82841",001-374-113-6739x1511
60281-1208,Kimberly,Dyer,32657,Emilystad,60735-4047,Christopher,Villarreal,55105-3450,"215 Collins Grove Suite 108
West Joel, NM 43389",2408438645
50010-4150,Jamie,Parker,74669,Andersonmouth,94087-3306,Adam,Jones,80675-8920,"17407 Corey Squares
Martinstad, HI 27280",640.439.1447
38791-7684,Timothy,Bailey,56125,Davidland,91291-9518,Bradley,King,71724-4143,"3638 Adams Gateway
Kevinstad, MI 45119",588.113.8848x728
